{
  "Background": {
    "Image": {
      "X": 0,
      "Y": 0,
      "ImageIndex": 0
    }
  },
  "Time": {
    "Hours": {
      "Tens": {
        "X": 22,
        "Y": 81,
        "ImageIndex": 1,
        "ImagesCount": 3
      },
      "Ones": {
        "X": 56,
        "Y": 81,
        "ImageIndex": 4,
        "ImagesCount": 10
      }
    },
    "Minutes": {
      "Tens": {
        "X": 105,
        "Y": 81,
        "ImageIndex": 4,
        "ImagesCount": 10
      },
      "Ones": {
        "X": 139,
        "Y": 81,
        "ImageIndex": 4,
        "ImagesCount": 10
      }
    }
  },
  "Activity": {
    "Steps": {
      "TopLeftX": 101,
      "TopLeftY": 144,
      "BottomRightX": 173,
      "BottomRightY": 171,
      "Alignment": "TopRight",
      "Spacing": 2,
      "ImageIndex": 14,
      "ImagesCount": 10
    },
    "Pulse": {
      "TopLeftX": 29,
      "TopLeftY": 144,
      "BottomRightX": 71,
      "BottomRightY": 171,
      "Alignment": "TopLeft",
      "Spacing": 2,
      "ImageIndex": 14,
      "ImagesCount": 10
    }
  },
  "Date": {
    "MonthAndDay": {
      "Separate": {
        "Month": {
          "TopLeftX": 137,
          "TopLeftY": 44,
          "BottomRightX": 172,
          "BottomRightY": 72,
          "Alignment": "TopLeft",
          "Spacing": 2,
          "ImageIndex": 24,
          "ImagesCount": 10
        },
        "Day": {
          "TopLeftX": 89,
          "TopLeftY": 44,
          "BottomRightX": 124,
          "BottomRightY": 72,
          "Alignment": "TopLeft",
          "Spacing": 2,
          "ImageIndex": 24,
          "ImagesCount": 10
        }
      },
      "TwoDigitsMonth": true,
      "TwoDigitsDay": true
    },
    "WeekDay": {
      "X": 23,
      "Y": 46,
      "ImageIndex": 34,
      "ImagesCount": 7
    }
  },
  "Weather": {
    "Icon": {
      "CustomIcon": {
        "X": 68,
        "Y": 6,
        "ImageIndex": 41,
        "ImagesCount": 26
      }
    },
    "Temperature": {
      "Current": {
        "Number": {
          "TopLeftX": 5,
          "TopLeftY": 7,
          "BottomRightX": 63,
          "BottomRightY": 35,
          "Alignment": "TopRight",
          "Spacing": 2,
          "ImageIndex": 24,
          "ImagesCount": 10
        },
        "MinusImageIndex": 67,
        "DegreesImageIndex": 68
      }
    }
  },
  "Status": {
    "Bluetooth": {
      "Coordinates": {
        "X": 3,
        "Y": 87
      },
      "ImageIndexOn": 69,
      "ImageIndexOff": 70
    },
    "Alarm": {
      "Coordinates": {
        "X": 3,
        "Y": 51
      },
      "ImageIndexOn": 71
    },
    "DoNotDisturb": {
      "Coordinates": {
        "X": 3,
        "Y": 116
      },
      "ImageIndexOn": 72
    }
  },
  "Battery": {
    "Text": {
      "TopLeftX": 100,
      "TopLeftY": 7,
      "BottomRightX": 154,
      "BottomRightY": 35,
      "Alignment": "TopRight",
      "Spacing": 2,
      "ImageIndex": 73,
      "ImagesCount": 10
    }
  }
}