{
  "Background": {
    "Image": {
      "X": 0,
      "Y": 0,
      "ImageIndex": 0
    }
  },
  "Time": {
    "Hours": {
      "Tens": {
        "X": 36,
        "Y": 85,
        "ImageIndex": 1,
        "ImagesCount": 2
      },
      "Ones": {
        "X": 36,
        "Y": 85,
        "ImageIndex": 3,
        "ImagesCount": 10
      }
    },
    "Minutes": {
      "Tens": {
        "X": 98,
        "Y": 85,
        "ImageIndex": 13,
        "ImagesCount": 10
      },
      "Ones": {
        "X": 131,
        "Y": 85,
        "ImageIndex": 13,
        "ImagesCount": 10
      }
    },
    "AmPm": {
      "X": 8,
      "Y": 95,
      "ImageIndexAm": 23,
      "ImageIndexPm": 24
    }
  },
  "Activity": {
    "Steps": {
      "TopLeftX": 6,
      "TopLeftY": 11,
      "BottomRightX": 95,
      "BottomRightY": 31,
      "Alignment": "TopRight",
      "Spacing": 4,
      "ImageIndex": 25,
      "ImagesCount": 10
    },
    "Pulse": {
      "TopLeftX": 4,
      "TopLeftY": 145,
      "BottomRightX": 58,
      "BottomRightY": 155,
      "Alignment": "TopRight",
      "Spacing": 4,
      "ImageIndex": 25,
      "ImagesCount": 10
    }
  },
  "Date": {
    "MonthAndDay": {
      "Separate": {
        "Month": {
          "TopLeftX": 82,
          "TopLeftY": 145,
          "BottomRightX": 114,
          "BottomRightY": 155,
          "Alignment": "TopRight",
          "Spacing": 4,
          "ImageIndex": 25,
          "ImagesCount": 10
        },
        "Day": {
          "TopLeftX": 124,
          "TopLeftY": 145,
          "BottomRightX": 156,
          "BottomRightY": 155,
          "Alignment": "TopRight",
          "Spacing": 4,
          "ImageIndex": 25,
          "ImagesCount": 10
        }
      },
      "TwoDigitsMonth": false,
      "TwoDigitsDay": false
    },
    "WeekDay": {
      "X": 54,
      "Y": 53,
      "ImageIndex": 35,
      "ImagesCount": 7
    }
  },
  "Weather": {
    "Icon": {
      "CustomIcon": {
        "X": 107,
        "Y": 36,
        "ImageIndex": 42,
        "ImagesCount": 26
      }
    },
    "Temperature": {
      "Current": {
        "Number": {
          "TopLeftX": 110,
          "TopLeftY": 11,
          "BottomRightX": 166,
          "BottomRightY": 31,
          "Alignment": "TopRight",
          "Spacing": 4,
          "ImageIndex": 25,
          "ImagesCount": 10
        },
        "MinusImageIndex": 68,
        "DegreesImageIndex": 69
      }
    }
  },
  "StepsProgress": {
    "GoalImage": {
      "X": 7,
      "Y": 34,
      "ImageIndex": 70
    },
    "Linear": {
      "StartImageIndex": 71,
      "Segments": [
        {
          "X": 19,
          "Y": 37
        },
        {
          "X": 19,
          "Y": 37
        },
        {
          "X": 19,
          "Y": 37
        },
        {
          "X": 19,
          "Y": 37
        },
        {
          "X": 19,
          "Y": 37
        },
        {
          "X": 19,
          "Y": 37
        },
        {
          "X": 19,
          "Y": 37
        },
        {
          "X": 19,
          "Y": 37
        },
        {
          "X": 19,
          "Y": 37
        }
      ]
    }
  },
  "Status": {
    "Bluetooth": {
      "Coordinates": {
        "X": 20,
        "Y": 53
      },
      "ImageIndexOn": 80
    },
    "Alarm": {
      "Coordinates": {
        "X": 8,
        "Y": 53
      },
      "ImageIndexOn": 81
    },
    "DoNotDisturb": {
      "Coordinates": {
        "X": 34,
        "Y": 53
      },
      "ImageIndexOn": 82
    }
  },
  "Battery": {
    "Text": {
      "TopLeftX": 70,
      "TopLeftY": 66,
      "BottomRightX": 156,
      "BottomRightY": 76,
      "Alignment": "TopRight",
      "Spacing": 2,
      "ImageIndex": 83,
      "ImagesCount": 10
    },
    "Icon": {
      "X": 138,
      "Y": 53,
      "ImageIndex": 93,
      "ImagesCount": 5
    }
  }
}